Płeć,Wiek,Wykształcenie,Średnie Zarobki,Czas Początkowy Podróży,Czas Końcowy Podróży,Cel Podróży
Mężczyzna,57.0,Podstawowe,8273.73,08:48,11:19,Praca
,,Średnie,10247.31,,,
Mężczyzna,37.0,Średnie,6745.89,17:26,01:24,Zakupy
Mężczyzna,52.0,Podstawowe,7624.47,08:47,16:21,Inne
Mężczyzna,23.0,Podstawowe,13955.82,12:15,15:35,Zakupy
Kobieta,29.0,Podstawowe,12110.98,20:50,00:21,Rozrywka
Mężczyzna,35.0,Podstawowe,,12:57,17:04,Inne
Kobieta,52.0,Wyższe,11366.41,14:24,14:15,Edukacja
,36.0,Średnie,4121.17,19:27,20:08,Inne
Mężczyzna,26.0,Wyższe,8034.99,11:58,14:36,Edukacja
Mężczyzna,48.0,Średnie,6810.0,20:54,07:27,Inne
Mężczyzna,41.0,Wyższe,7263.61,17:34,17:51,Praca
Mężczyzna,24.0,Podstawowe,8866.76,20:49,05:47,Edukacja
Kobieta,26.0,Podstawowe,11826.61,20:00,21:11,Inne
Mężczyzna,43.0,Średnie,8066.75,16:06,03:33,Inne
Kobieta,19.0,Średnie,8515.36,20:24,03:32,Inne
Kobieta,20.0,Średnie,3336.12,16:28,05:30,Rozrywka
Mężczyzna,41.0,Wyższe,7818.21,10:26,14:57,Inne
Mężczyzna,57.0,Wyższe,4534.1,06:38,09:51,Rozrywka
Kobieta,59.0,Podstawowe,8104.34,20:15,00:35,Zakupy
Mężczyzna,54.0,Podstawowe,6763.47,21:12,08:15,Inne
Kobieta,65.0,Podstawowe,7064.32,13:27,23:37,Praca
Kobieta,19.0,Wyższe,14833.08,10:53,14:00,Inne
Mężczyzna,34.0,Średnie,14498.14,21:36,03:10,Zakupy
Kobieta,21.0,Wyższe,6091.21,14:46,00:57,Inne
Kobieta,30.0,Podstawowe,13332.86,30:49,18:45,Inne
Kobieta,19.0,Wyższe,11239.11,21:44,10:20,Inne
Kobieta,63.0,Wyższe,13342.53,12:17,16:04,Edukacja
Kobieta,70.0,Średnie,8408.89,18:58,03:24,Praca
Mężczyzna,28.0,Średnie,9717.0,13:52,13:41,Inne
Kobieta,51.0,Wyższe,6243.8,10:49,14:02,Rozrywka
Mężczyzna,49.0,Podstawowe,5832.24,14:19,20:12,Inne
Kobieta,31.0,Średnie,7083.14,11:15,14:12,Edukacja
Mężczyzna,34.0,Wyższe,4068.09,21:43,03:17,Edukacja
Mężczyzna,62.0,Średnie,9711.21,09:48,20:21,Zakupy
Kobieta,64.0,Podstawowe,3641.03,23:26,00:44,Rozrywka
Kobieta,22.0,Wyższe,10761.11,22:55,23:36,Edukacja
Mężczyzna,52.0,Średnie,8702.95,23:52,09:20,Zakupy
Kobieta,35.0,Podstawowe,13066.58,19:54,06:30,Edukacja
Mężczyzna,20.0,Podstawowe,3175.02,05:20,16:02,Rozrywka
Mężczyzna,21.0,Podstawowe,9747.71,18:47,18:23,Edukacja
Mężczyzna,36.0,Podstawowe,6119.28,16:53,16:37,Edukacja
Kobieta,63.0,Podstawowe,9008.94,07:16,16:54,Rozrywka
Mężczyzna,56.0,Wyższe,7322.87,22:54,02:02,Inne
Mężczyzna,,Wyższe,,,,
Mężczyzna,26.0,Średnie,14568.14,10:35,21:25,Inne
Mężczyzna,54.0,Wyższe,6278.95,19:42,05:14,Edukacja
Kobieta,53.0,Średnie,9920.5,10:26,20:41,Edukacja
Mężczyzna,25.0,Podstawowe,7687.29,09:34,18:07,Edukacja
Mężczyzna,64.0,Wyższe,9993.17,15:59,19:11,Praca
Kobieta,41.0,Średnie,14698.75,07:37,10:07,Praca
Mężczyzna,36.0,Wyższe,5995.69,10:38,10:14,Praca
Kobieta,56.0,Podstawowe,11997.04,18:13,02:17,Praca
Mężczyzna,43.0,Wyższe,7638.23,22:22,00:01,Rozrywka
Mężczyzna,40.0,Średnie,,11:27,16:41,Inne
Kobieta,49.0,Podstawowe,10798.75,19:36,22:18,Edukacja
Kobieta,24.0,Podstawowe,4324.77,07:32,12:07,Zakupy
Kobieta,30.0,Wyższe,14075.23,19:22,03:27,Inne
Kobieta,32.0,Wyższe,11379.71,07:35,07:49,Rozrywka
Mężczyzna,19.0,Wyższe,11242.33,19:44,05:10,Edukacja
Mężczyzna,46.0,Wyższe,11141.48,07:28,14:01,Inne
Mężczyzna,53.0,Wyższe,9562.99,13:55,19:10,Inne
Kobieta,23.0,Średnie,6606.66,22:19,02:17,Rozrywka
Kobieta,63.0,Wyższe,7593.94,16:23,01:39,Zakupy
Mężczyzna,42.0,Podstawowe,12044.72,05:46,11:01,Zakupy
Kobieta,26.0,Podstawowe,8980.72,21:10,08:54,Zakupy
Kobieta,35.0,Podstawowe,6970.23,11:28,17:29,Rozrywka
Mężczyzna,30.0,Podstawowe,3693.08,13:26,,Edukacja
Kobieta,65.0,Średnie,3287.96,09:35,12:49,Zakupy
Kobieta,65.0,Średnie,13926.83,19:57,20:21,Zakupy
Kobieta,47.0,Średnie,9623.12,22:12,04:31,Praca
Kobieta,21.0,Wyższe,10776.38,23:44,08:06,Rozrywka
Kobieta,62.0,Podstawowe,12512.84,17:53,03:22,Edukacja
Kobieta,58.0,Podstawowe,10794.01,15:42,02:18,Rozrywka
Kobieta,40.0,Średnie,3698.98,07:46,16:42,Inne
Kobieta,30.0,Wyższe,14506.59,20:10,03:29,Inne
Mężczyzna,50.0,Wyższe,7452.04,09:52,12:37,Edukacja
Mężczyzna,34.0,Wyższe,10334.96,19:26,23:22,Inne
Mężczyzna,38.0,Średnie,3451.09,23:20,10:06,Rozrywka
Kobieta,32.0,Podstawowe,10171.19,23:36,09:24,Edukacja
Kobieta,65.0,Podstawowe,5926.88,10:32,21:49,Edukacja
Kobieta,39.0,Podstawowe,13080.72,07:10,14:37,Praca
Kobieta,25.0,Podstawowe,12002.0,11:38,11:36,Rozrywka
Kobieta,51.0,Wyższe,8745.91,06:29,12:16,Edukacja
Mężczyzna,61.0,Wyższe,14622.27,12:29,13:10,Praca
Mężczyzna,63.0,Wyższe,3122.15,20:47,23:46,Edukacja
Kobieta,19.0,Podstawowe,13532.16,07:21,16:43,Rozrywka
Kobieta,63.0,Wyższe,3170.05,12:07,18:57,Inne
Kobieta,37.0,Średnie,9647.4,11:03,15:35,Edukacja
Mężczyzna,23.0,Podstawowe,9723.61,09:34,15:38,Inne
Kobieta,55.0,Podstawowe,11755.59,13:13,14:55,Zakupy
Mężczyzna,22.0,Średnie,6670.75,08:26,14:06,Rozrywka
Mężczyzna,67.0,Podstawowe,10723.17,09:20,18:24,Rozrywka
Kobieta,32.0,Średnie,5684.89,07:44,07:52,Inne
Mężczyzna,64.0,Średnie,8430.71,13:28,19:12,Rozrywka
Kobieta,66.0,Średnie,9804.89,13:36,14:02,Rozrywka
Kobieta,59.0,Podstawowe,3228.71,17:52,06:50,Inne
Mężczyzna,38.0,Podstawowe,13100.08,19:04,05:49,Rozrywka
Mężczyzna,55.0,Podstawowe,10938.28,14:59,15:03,Rozrywka
Mężczyzna,54.0,Średnie,4943.99,14:51,23:31,Praca
Mężczyzna,21.0,Średnie,12578.61,10:43,14:19,Praca
Mężczyzna,32.0,Średnie,10252.9,19:27,00:54,Inne
Mężczyzna,30.0,Wyższe,3020.34,13:00,14:51,Inne
Mężczyzna,41.0,Wyższe,3713.12,20:23,01:01,Zakupy
Kobieta,22.0,Podstawowe,10849.38,16:12,01:46,Inne
Mężczyzna,35.0,Średnie,13936.97,09:05,15:09,Praca
Kobieta,63.0,Średnie,8238.96,21:03,00:18,Inne
Mężczyzna,46.0,Średnie,11298.02,16:12,02:26,Zakupy
Mężczyzna,48.0,Podstawowe,14025.53,22:34,00:22,Rozrywka
Kobieta,44.0,Podstawowe,6244.3,05:00,06:30,Rozrywka
Mężczyzna,63.0,Podstawowe,10830.06,18:29,18:26,Zakupy
Kobieta,52.0,Podstawowe,6299.44,11:14,12:03,Praca
Mężczyzna,68.0,Podstawowe,5686.2,06:41,09:44,Zakupy
Kobieta,67.0,Wyższe,13304.64,09:14,10:03,Edukacja
Kobieta,47.0,Średnie,9454.33,08:40,16:23,Edukacja
Mężczyzna,31.0,Podstawowe,13887.76,11:44,21:59,Inne
Kobieta,25.0,Podstawowe,13654.04,,16:39,Edukacja
Kobieta,44.0,Podstawowe,14126.05,17:03,18:23,Praca
Kobieta,67.0,Średnie,8090.84,12:39,22:37,Edukacja
Kobieta,41.0,Wyższe,,09:45,17:06,Zakupy
Kobieta,23.0,Podstawowe,12922.95,11:12,14:42,Inne
Kobieta,65.0,Średnie,11162.01,14:49,16:07,Zakupy
Mężczyzna,22.0,Średnie,9602.62,20:13,07:37,Zakupy
Kobieta,47.0,Wyższe,3418.24,18:10,23:31,Edukacja
Kobieta,39.0,Podstawowe,6107.59,08:24,16:00,Inne
Mężczyzna,27.0,Wyższe,13309.54,05:58,11:22,Edukacja
Mężczyzna,65.0,Wyższe,9238.47,06:29,15:25,Inne
Kobieta,30.0,Wyższe,14350.55,09:31,15:27,Praca
Mężczyzna,64.0,Podstawowe,8118.14,12:55,14:15,Praca
Kobieta,27.0,Podstawowe,12105.52,07:48,13:24,Inne
Kobieta,61.0,Średnie,8456.81,07:34,18:27,Praca
Mężczyzna,41.0,Wyższe,3754.07,09:04,12:32,Praca
Mężczyzna,28.0,Wyższe,14556.42,13:03,21:29,Rozrywka
Mężczyzna,32.0,Podstawowe,13825.45,20:30,06:32,Edukacja
Kobieta,69.0,Podstawowe,3142.48,12:17,19:07,Edukacja
Kobieta,30.0,Średnie,10031.45,09:16,14:16,Rozrywka
Kobieta,36.0,Średnie,12169.38,13:27,14:03,Praca
Kobieta,62.0,Podstawowe,4159.65,07:11,15:38,Edukacja
Kobieta,39.0,Średnie,8434.98,11:23,12:14,Edukacja
Mężczyzna,,Średnie,14645.43,11:41,14:09,Inne
Mężczyzna,67.0,Podstawowe,6468.69,05:37,09:49,Edukacja
Kobieta,53.0,Średnie,14766.08,23:36,07:48,Edukacja
Mężczyzna,51.0,Wyższe,14255.8,21:56,23:58,Rozrywka
Mężczyzna,60.0,Podstawowe,3811.9,23:43,09:48,Zakupy
Mężczyzna,62.0,Średnie,12239.84,09:08,20:24,Edukacja
Mężczyzna,35.0,Średnie,3231.0,16:53,23:34,Inne
Kobieta,28.0,Średnie,13738.15,21:05,02:52,Zakupy
Kobieta,67.0,Podstawowe,4011.87,13:55,15:28,Edukacja
Kobieta,23.0,Średnie,13484.95,21:05,22:38,Zakupy
Mężczyzna,36.0,Podstawowe,6506.36,09:51,11:26,Praca
Mężczyzna,27.0,Średnie,11253.3,19:18,01:35,Praca
Kobieta,,Średnie,12519.17,19:43,21:00,Rozrywka
Kobieta,60.0,Podstawowe,9747.27,07:40,13:35,Edukacja
Mężczyzna,35.0,Wyższe,14879.1,10:33,11:55,Praca
Kobieta,35.0,Podstawowe,10482.9,08:47,17:15,Praca
Mężczyzna,60.0,Podstawowe,12970.03,23:02,08:22,Praca
Mężczyzna,48.0,Średnie,14403.03,11:39,14:33,Edukacja
Mężczyzna,48.0,Średnie,12734.45,15:53,01:17,Inne
Mężczyzna,30.0,Podstawowe,14018.6,18:53,19:08,Zakupy
Mężczyzna,67.0,Podstawowe,8977.36,18:15,23:02,Zakupy
Mężczyzna,22.0,Średnie,12807.81,14:58,16:02,Praca
Mężczyzna,59.0,Podstawowe,14416.49,07:31,17:48,Zakupy
Kobieta,62.0,Podstawowe,6953.66,20:28,06:55,Praca
Mężczyzna,57.0,Podstawowe,7763.58,12:43,15:31,
Mężczyzna,44.0,Średnie,3419.11,12:59,12:15,Zakupy
Kobieta,33.0,Podstawowe,3613.8,15:54,23:20,Edukacja
Kobieta,33.0,Wyższe,10168.71,21:17,06:03,Inne
Kobieta,20.0,Podstawowe,4382.16,07:58,16:57,Inne
Mężczyzna,22.0,Średnie,12061.32,17:40,17:35,Rozrywka
Kobieta,58.0,Podstawowe,3925.85,06:52,16:06,Rozrywka
Kobieta,31.0,Wyższe,8069.87,19:06,06:35,Rozrywka
Kobieta,58.0,Podstawowe,13288.98,08:15,09:41,Inne
Mężczyzna,60.0,Średnie,4696.08,07:38,11:48,Zakupy
Mężczyzna,35.0,Średnie,14128.9,05:10,10:30,Zakupy
Mężczyzna,20.0,Podstawowe,5910.33,22:40,08:21,Rozrywka
Kobieta,43.0,Podstawowe,14022.55,05:50,15:01,Praca
Mężczyzna,36.0,Podstawowe,9313.69,22:12,06:36,Edukacja
Mężczyzna,31.0,Wyższe,11586.65,21:13,21:25,Praca
Kobieta,66.0,Średnie,7464.21,09:57,22:20,Zakupy
Mężczyzna,37.0,Wyższe,13576.96,11:40,13:27,Zakupy
Mężczyzna,29.0,Podstawowe,7479.8,06:56,16:34,Zakupy
Mężczyzna,50.0,Podstawowe,5303.2,08:42,19:34,Inne
Mężczyzna,47.0,Podstawowe,5359.32,12:02,12:22,Edukacja
Kobieta,44.0,Podstawowe,10451.36,16:29,18:49,Edukacja
Mężczyzna,40.0,Średnie,14266.06,23:10,08:14,Rozrywka
Kobieta,27.0,Średnie,4182.07,06:38,08:22,Zakupy
Kobieta,35.0,Wyższe,12015.75,08:52,17:16,Rozrywka
Mężczyzna,60.0,Średnie,14078.24,08:05,10:05,Praca
Kobieta,19.0,Podstawowe,12780.84,05:30,09:55,Rozrywka
Kobieta,66.0,Średnie,11434.55,08:11,08:09,Praca
Mężczyzna,20.0,Średnie,11392.27,11:01,20:02,Inne
Kobieta,61.0,Wyższe,,17:09,00:42,Inne
Kobieta,49.0,Podstawowe,7301.58,08:46,09:38,Rozrywka
Kobieta,45.0,Wyższe,7255.56,16:58,16:37,Inne
Mężczyzna,58.0,Wyższe,12871.24,21:20,04:15,Inne
Kobieta,55.0,Podstawowe,13551.91,15:51,23:28,Praca
Mężczyzna,70.0,Podstawowe,13788.7,20:56,20:53,Rozrywka
Kobieta,54.0,Podstawowe,9517.69,05:01,16:58,Praca
Mężczyzna,47.0,Średnie,13765.91,05:58,14:08,Praca
Kobieta,64.0,Średnie,8280.28,08:14,17:09,Inne
Mężczyzna,64.0,Wyższe,5559.4,11:54,16:08,Inne
Mężczyzna,51.0,Wyższe,3590.91,11:56,21:20,Zakupy
Mężczyzna,68.0,Podstawowe,10223.83,05:35,10:49,Rozrywka
Kobieta,27.0,Podstawowe,7933.21,07:39,10:38,Praca
Kobieta,47.0,Podstawowe,3912.57,18:44,04:54,Rozrywka
Kobieta,67.0,Podstawowe,10997.92,22:54,01:13,Inne
Mężczyzna,56.0,Średnie,12656.68,05:42,05:03,Rozrywka
Mężczyzna,30.0,Średnie,12012.61,15:51,18:32,Edukacja
Mężczyzna,64.0,Wyższe,5400.86,23:55,09:47,Rozrywka
Mężczyzna,68.0,Podstawowe,5437.29,21:11,03:22,Rozrywka
Kobieta,51.0,Średnie,14611.43,25:35,11:06,Edukacja
Mężczyzna,24.0,Średnie,14001.71,08:34,19:00,Praca
Kobieta,46.0,Wyższe,5585.97,06:25,16:06,Inne
Mężczyzna,30.0,Wyższe,11700.36,10:37,12:29,Edukacja
Kobieta,44.0,Średnie,12204.31,08:14,18:54,Inne
Mężczyzna,62.0,Wyższe,6798.86,08:25,14:42,Edukacja
Kobieta,,Podstawowe,3248.84,15:29,16:13,Inne
Mężczyzna,29.0,Wyższe,5231.08,06:24,15:22,Edukacja
Mężczyzna,36.0,Wyższe,8967.65,08:11,16:26,Edukacja
Kobieta,34.0,Średnie,5462.73,12:11,01:16,Zakupy
Kobieta,52.0,Średnie,12312.27,09:00,15:12,Inne
Mężczyzna,58.0,Średnie,4063.63,17:34,00:02,Edukacja
Mężczyzna,41.0,Wyższe,3571.41,09:35,18:04,Zakupy
Kobieta,35.0,Wyższe,8610.69,09:58,16:31,Zakupy
Mężczyzna,62.0,Wyższe,14366.91,07:57,12:16,Edukacja
Mężczyzna,44.0,Podstawowe,7126.86,05:52,13:52,Praca
Kobieta,46.0,Wyższe,12771.78,19:35,21:43,Zakupy
Kobieta,21.0,Wyższe,4183.0,19:30,23:19,Edukacja
Kobieta,19.0,Średnie,4459.67,18:14,19:29,Praca
Kobieta,61.0,Średnie,14901.29,19:09,20:35,Edukacja
Kobieta,54.0,Wyższe,4727.79,,14:35,Inne
Mężczyzna,65.0,Podstawowe,14529.25,05:15,16:15,Zakupy
Mężczyzna,35.0,Średnie,7943.72,07:29,10:50,Inne
Mężczyzna,67.0,Średnie,14138.97,20:56,03:28,Praca
Mężczyzna,26.0,Podstawowe,13077.02,10:37,17:59,Rozrywka
Mężczyzna,27.0,Podstawowe,6556.26,24:25,11:12,Edukacja
Kobieta,39.0,Wyższe,10994.06,20:28,22:50,Zakupy
Mężczyzna,33.0,Podstawowe,14749.7,11:41,17:51,Inne
Mężczyzna,33.0,Wyższe,7645.23,21:46,06:07,Praca
Kobieta,38.0,Podstawowe,13480.87,06:37,14:30,Inne
Kobieta,32.0,Średnie,9337.26,23:09,03:12,Praca
Kobieta,22.0,Średnie,11512.06,12:00,19:32,Rozrywka
Kobieta,54.0,Wyższe,,20:12,03:19,Rozrywka
Mężczyzna,51.0,Średnie,11434.01,21:57,10:27,Edukacja
Mężczyzna,28.0,Podstawowe,4296.51,14:09,22:20,Edukacja
,36.0,Średnie,10322.74,10:49,17:40,Edukacja
Kobieta,50.0,Wyższe,13368.06,19:05,21:59,Edukacja
Kobieta,39.0,Podstawowe,14852.53,18:42,05:06,Inne
Kobieta,69.0,Średnie,9358.51,18:19,05:39,Rozrywka
Mężczyzna,43.0,Wyższe,5756.07,08:51,17:00,Inne
Kobieta,28.0,Średnie,12785.59,19:16,01:44,Inne
Kobieta,27.0,Wyższe,13091.09,05:36,12:28,Zakupy
Kobieta,43.0,Podstawowe,8812.91,23:34,02:19,Edukacja
Mężczyzna,59.0,Wyższe,12047.19,05:25,06:48,Praca
Mężczyzna,33.0,Średnie,13932.99,17:00,00:16,Praca
Kobieta,23.0,Średnie,6594.18,12:58,15:28,Inne
Mężczyzna,32.0,Wyższe,11556.05,23:18,03:09,Edukacja
Kobieta,34.0,Podstawowe,7318.65,18:43,03:37,Zakupy
Kobieta,46.0,Średnie,9723.59,10:42,20:05,Rozrywka
Kobieta,68.0,Średnie,4433.5,15:06,04:31,Praca
Kobieta,56.0,Podstawowe,4581.07,08:18,19:18,Inne
Mężczyzna,27.0,Średnie,5760.59,17:02,22:11,Edukacja
Mężczyzna,37.0,Wyższe,13061.01,08:46,15:28,Edukacja
Kobieta,48.0,Wyższe,6176.43,17:03,02:51,Rozrywka
Kobieta,29.0,Podstawowe,12237.93,06:46,07:34,Praca
Kobieta,51.0,Podstawowe,14426.77,06:26,16:28,Praca
Kobieta,18.0,Średnie,14239.25,08:51,10:38,Zakupy
Mężczyzna,34.0,Podstawowe,7814.08,23:31,05:13,Praca
,53.0,,,,21:10,
Kobieta,59.0,Średnie,6337.31,19:30,20:01,Edukacja
Kobieta,49.0,Średnie,4238.95,07:47,11:27,Edukacja
Mężczyzna,53.0,Podstawowe,14100.52,15:10,02:46,Inne
Mężczyzna,20.0,Wyższe,13675.01,20:53,04:00,Rozrywka
Kobieta,21.0,Wyższe,9549.41,22:14,22:59,Edukacja
Kobieta,57.0,Średnie,11534.48,11:51,11:18,Inne
Mężczyzna,33.0,Wyższe,3125.6,15:36,19:50,Rozrywka
Mężczyzna,65.0,Wyższe,4610.14,08:22,11:06,Zakupy
Mężczyzna,64.0,Podstawowe,10233.49,19:56,04:49,Edukacja
Mężczyzna,53.0,Podstawowe,12822.55,06:02,11:46,Inne
Mężczyzna,65.0,Podstawowe,11087.78,07:19,16:45,Rozrywka
Kobieta,57.0,Wyższe,12332.91,12:57,16:25,Rozrywka
Kobieta,19.0,Wyższe,3317.52,22:07,05:47,Zakupy
Mężczyzna,69.0,Średnie,6904.03,17:16,21:03,Edukacja
Mężczyzna,42.0,Podstawowe,7376.22,05:31,07:25,Rozrywka
Mężczyzna,35.0,Wyższe,10621.22,05:18,13:30,Edukacja
Kobieta,67.0,Średnie,12629.33,12:48,12:56,Zakupy
Mężczyzna,27.0,Wyższe,5097.01,18:47,21:22,
Mężczyzna,68.0,Podstawowe,9514.95,23:04,05:25,Zakupy
Mężczyzna,44.0,Podstawowe,11168.85,05:17,10:32,Edukacja
Kobieta,37.0,Podstawowe,5014.9,15:45,16:55,Inne
Kobieta,63.0,Podstawowe,5092.27,14:38,15:19,Edukacja
Kobieta,46.0,Podstawowe,3712.3,05:14,14:04,Zakupy
Mężczyzna,57.0,Wyższe,13931.21,20:03,01:18,Rozrywka
Kobieta,26.0,Podstawowe,11181.08,16:01,20:04,Zakupy
Mężczyzna,29.0,Podstawowe,4254.98,20:05,07:56,Edukacja
Kobieta,35.0,Średnie,11117.13,16:32,18:37,Edukacja
Kobieta,49.0,Wyższe,3336.4,21:14,02:37,Rozrywka
Kobieta,51.0,Średnie,8028.55,08:10,17:43,Zakupy
Kobieta,66.0,Wyższe,14649.85,11:52,11:31,Rozrywka
Mężczyzna,53.0,Podstawowe,13261.43,05:35,06:14,Praca
Mężczyzna,69.0,Podstawowe,5413.99,09:00,12:56,Rozrywka
Mężczyzna,51.0,Podstawowe,14478.39,16:17,01:22,Inne
Mężczyzna,25.0,Wyższe,8016.49,12:10,16:25,Edukacja
Mężczyzna,23.0,Wyższe,10270.12,20:21,22:39,Edukacja
Kobieta,33.0,Podstawowe,12126.61,15:34,18:17,Edukacja
Kobieta,41.0,,5331.19,13:59,23:41,Rozrywka
Kobieta,52.0,Wyższe,3391.3,16:03,20:09,Rozrywka
Mężczyzna,55.0,Średnie,14075.02,23:17,04:26,Praca
Mężczyzna,26.0,Średnie,6327.03,09:00,16:13,Edukacja
Kobieta,22.0,Wyższe,12728.31,18:25,22:08,Rozrywka
Mężczyzna,22.0,Średnie,7266.37,19:07,20:00,Rozrywka
Kobieta,39.0,Wyższe,11812.91,19:00,03:24,Zakupy
Kobieta,24.0,Wyższe,14276.65,23:55,04:32,Praca
Kobieta,49.0,Średnie,3386.28,23:22,12:31,Praca
Kobieta,43.0,Wyższe,14667.34,07:05,13:19,Inne
Mężczyzna,53.0,Podstawowe,12986.61,23:05,23:17,Praca
Mężczyzna,37.0,Podstawowe,14641.4,05:06,15:57,Rozrywka
Kobieta,55.0,Wyższe,6132.2,19:09,21:21,Praca
Kobieta,57.0,Podstawowe,12221.29,17:32,21:55,Inne
Mężczyzna,62.0,Wyższe,6374.51,21:12,01:45,Rozrywka
Mężczyzna,45.0,Średnie,12504.28,15:02,02:26,Inne
Kobieta,51.0,Średnie,11477.63,06:44,11:01,Edukacja
Kobieta,48.0,Średnie,7989.36,07:01,09:01,Rozrywka
Mężczyzna,52.0,Wyższe,7235.21,21:40,05:42,Zakupy
Kobieta,70.0,Średnie,12055.96,06:02,14:33,Rozrywka
Kobieta,35.0,Podstawowe,12078.06,20:03,22:43,Edukacja
Mężczyzna,39.0,Wyższe,7349.18,12:45,22:42,Inne
Mężczyzna,26.0,Wyższe,8597.95,18:59,23:00,Praca
Mężczyzna,44.0,Średnie,4178.97,20:15,02:38,Edukacja
Kobieta,26.0,Podstawowe,12958.37,22:31,03:20,Zakupy
Kobieta,30.0,Podstawowe,11292.63,17:22,23:36,Edukacja
,,Wyższe,,,20:24,
Kobieta,49.0,Podstawowe,11036.93,16:46,23:59,Zakupy
Kobieta,63.0,Średnie,3921.07,08:48,14:39,Rozrywka
Kobieta,45.0,Wyższe,10524.0,05:42,13:09,Rozrywka
Mężczyzna,49.0,Podstawowe,13465.85,18:16,22:01,Inne
Kobieta,39.0,Wyższe,13390.65,11:07,13:47,Edukacja
,33.0,Wyższe,5201.67,09:04,17:33,Zakupy
Kobieta,53.0,Podstawowe,14431.4,20:46,23:11,Inne
Kobieta,67.0,Wyższe,9200.76,10:44,15:50,Edukacja
Kobieta,50.0,Średnie,10992.59,05:20,09:52,Praca
Mężczyzna,32.0,Wyższe,11908.28,19:28,21:53,Zakupy
Mężczyzna,,,,13:37,,
Kobieta,36.0,Podstawowe,10833.97,20:21,20:07,Edukacja
Mężczyzna,70.0,Średnie,5367.52,19:01,23:20,Rozrywka
Mężczyzna,59.0,Podstawowe,9253.14,08:51,08:40,Rozrywka
Kobieta,22.0,Średnie,6100.08,05:20,11:38,Edukacja
Kobieta,60.0,Podstawowe,6644.85,06:35,07:53,Rozrywka
,,,,13:39,,Praca
Kobieta,62.0,Średnie,12263.15,13:27,23:00,Rozrywka
Kobieta,54.0,Podstawowe,13440.18,20:18,02:28,Praca
Kobieta,37.0,Średnie,11165.21,08:07,15:48,Zakupy
Mężczyzna,55.0,Średnie,4555.91,09:07,20:26,Inne
Kobieta,27.0,Podstawowe,7221.05,16:49,22:30,Edukacja
Kobieta,33.0,Podstawowe,10495.08,09:31,20:31,Edukacja
Kobieta,42.0,Średnie,14744.94,18:15,19:01,Praca
Kobieta,50.0,Średnie,13257.99,19:00,02:47,Rozrywka
Mężczyzna,28.0,Wyższe,11453.62,11:56,18:22,Zakupy
Mężczyzna,35.0,Wyższe,14304.55,08:04,12:25,Inne
Mężczyzna,55.0,Wyższe,5517.5,14:38,14:19,Inne
Kobieta,62.0,Średnie,10990.38,13:32,14:30,Zakupy
Kobieta,67.0,Wyższe,10848.7,17:12,22:09,Inne
Kobieta,36.0,Wyższe,5000.4,16:28,19:16,Zakupy
Kobieta,21.0,Wyższe,14527.8,16:29,22:11,Praca
Kobieta,69.0,Podstawowe,14115.75,07:52,07:16,Edukacja
Mężczyzna,58.0,Wyższe,6875.41,13:26,17:33,Edukacja
Mężczyzna,67.0,Podstawowe,13096.94,10:01,15:32,Zakupy
Kobieta,45.0,Podstawowe,9090.43,08:16,17:04,Edukacja
Mężczyzna,41.0,Średnie,10223.09,23:13,09:31,Edukacja
Mężczyzna,37.0,Wyższe,8575.96,08:02,19:25,Zakupy
Kobieta,45.0,Podstawowe,3971.61,19:25,02:38,Rozrywka
,,,,,17:39,Inne
,,Podstawowe,,,,Edukacja
Mężczyzna,40.0,Wyższe,6089.94,11:51,11:45,Inne
Mężczyzna,66.0,Podstawowe,14012.83,08:58,10:58,Praca
Kobieta,42.0,Średnie,12798.9,21:34,05:23,Zakupy
Kobieta,67.0,Wyższe,6418.0,12:49,21:52,Praca
Mężczyzna,45.0,Średnie,10730.48,10:54,14:02,Rozrywka
Mężczyzna,,,,20:25,,
Kobieta,39.0,Podstawowe,5471.75,07:54,15:03,Zakupy
Kobieta,38.0,Wyższe,6854.48,23:44,04:19,Zakupy
Mężczyzna,18.0,Średnie,12646.53,06:41,12:45,Zakupy
Mężczyzna,52.0,Średnie,5911.02,06:41,15:38,Edukacja
Kobieta,60.0,Podstawowe,12781.56,08:45,13:05,Inne
Mężczyzna,31.0,Podstawowe,10724.56,08:28,15:24,Inne
Kobieta,59.0,Podstawowe,4210.46,13:05,15:00,Rozrywka
Mężczyzna,47.0,Średnie,8158.85,22:10,04:10,Rozrywka
Mężczyzna,39.0,Podstawowe,14287.26,10:41,16:59,Edukacja
Kobieta,55.0,Średnie,6725.83,10:52,18:02,Rozrywka
Mężczyzna,49.0,Wyższe,4576.05,21:24,03:24,Inne
Mężczyzna,34.0,Średnie,10475.94,06:40,10:58,Inne
Mężczyzna,66.0,Wyższe,4495.92,13:27,23:45,Praca
Kobieta,39.0,Średnie,3246.57,13:57,23:42,Praca
Mężczyzna,50.0,Średnie,12624.28,20:15,05:25,Praca
Kobieta,27.0,Średnie,12402.88,16:25,20:19,Zakupy
Mężczyzna,33.0,Podstawowe,6945.43,09:18,12:21,Rozrywka
Kobieta,37.0,Średnie,14201.05,14:12,01:06,Edukacja
Mężczyzna,47.0,Podstawowe,8672.36,21:50,23:15,Edukacja
Mężczyzna,45.0,Wyższe,11365.49,20:29,04:41,Inne
Kobieta,48.0,Podstawowe,3530.61,09:44,10:59,Inne
Mężczyzna,67.0,Wyższe,9727.47,18:28,01:54,Rozrywka
Mężczyzna,21.0,Podstawowe,11019.58,13:04,20:34,Edukacja
Kobieta,54.0,Średnie,5018.15,22:17,06:27,Zakupy
Mężczyzna,47.0,Wyższe,8815.99,05:57,09:17,Inne
Mężczyzna,66.0,Wyższe,,07:11,16:12,Inne
Mężczyzna,52.0,Wyższe,14522.9,09:56,12:01,Praca
Kobieta,32.0,Średnie,13651.16,23:28,03:01,Rozrywka
Mężczyzna,21.0,Średnie,10357.94,07:25,18:33,Zakupy
Kobieta,51.0,Podstawowe,9407.6,06:08,15:03,Praca
Mężczyzna,67.0,Podstawowe,5889.17,12:34,22:55,Inne
Mężczyzna,30.0,Wyższe,14019.14,16:42,03:23,Praca
Mężczyzna,56.0,Wyższe,13348.61,05:21,14:39,Rozrywka
Kobieta,52.0,Średnie,11876.09,17:23,21:45,Rozrywka
Mężczyzna,54.0,Średnie,9916.16,09:19,11:31,Zakupy
Mężczyzna,25.0,Podstawowe,5923.62,13:47,14:07,Praca
Mężczyzna,64.0,Podstawowe,4480.22,22:01,08:52,Edukacja
Kobieta,68.0,Wyższe,8588.89,12:04,16:41,Inne
Mężczyzna,55.0,Podstawowe,10426.74,20:06,20:41,Praca
Kobieta,68.0,Średnie,3266.25,17:43,20:31,Praca
Mężczyzna,40.0,Średnie,13163.28,07:33,08:07,Edukacja
Kobieta,28.0,Średnie,14885.45,19:43,03:13,Edukacja
Mężczyzna,67.0,Średnie,5879.57,09:50,14:47,Praca
Mężczyzna,70.0,Podstawowe,9568.41,08:29,12:54,Edukacja
Kobieta,61.0,Wyższe,9126.62,12:36,,Inne
Kobieta,57.0,Wyższe,7264.35,20:02,21:38,Praca
Mężczyzna,18.0,Średnie,10571.12,05:01,07:45,Inne
Mężczyzna,29.0,Wyższe,4408.79,18:15,05:01,Edukacja
Mężczyzna,26.0,Podstawowe,12884.08,18:26,00:37,Zakupy
Mężczyzna,42.0,Wyższe,5238.15,23:27,07:51,Praca
Kobieta,60.0,Wyższe,11282.41,18:14,01:28,Zakupy
Kobieta,58.0,Wyższe,13846.29,06:55,16:27,Rozrywka
Mężczyzna,69.0,Średnie,12365.31,19:06,20:01,Rozrywka
Kobieta,28.0,Wyższe,11428.83,10:34,12:13,Rozrywka
Mężczyzna,57.0,Podstawowe,14487.04,15:52,01:19,Rozrywka
Mężczyzna,19.0,Podstawowe,8899.49,14:11,01:46,Zakupy
Kobieta,56.0,Podstawowe,13461.31,12:44,22:31,Rozrywka
Kobieta,33.0,Średnie,11944.87,10:37,15:18,Rozrywka
Kobieta,19.0,Średnie,12402.39,20:38,02:48,Rozrywka
Kobieta,49.0,Podstawowe,3864.81,14:39,15:22,Rozrywka
Kobieta,45.0,Średnie,11285.7,08:35,,Zakupy
Kobieta,42.0,Średnie,3268.19,23:00,07:13,Zakupy
Mężczyzna,35.0,Wyższe,7384.99,10:59,10:15,Inne
Mężczyzna,40.0,Podstawowe,3925.74,,21:49,Zakupy
Mężczyzna,51.0,Średnie,12192.87,13:08,19:00,Praca
Kobieta,63.0,Podstawowe,14539.6,11:37,21:52,Edukacja
Kobieta,27.0,Wyższe,8484.77,07:46,08:29,Zakupy
Mężczyzna,34.0,Średnie,12227.83,23:58,08:46,Rozrywka
,36.0,Podstawowe,5456.38,06:34,10:53,Zakupy
Kobieta,48.0,Podstawowe,9372.05,19:30,23:31,Inne
Kobieta,58.0,Wyższe,3836.48,13:15,00:43,Praca
Mężczyzna,40.0,Podstawowe,13178.11,21:51,07:15,Rozrywka
Mężczyzna,29.0,Podstawowe,8617.72,06:33,06:10,Praca
Kobieta,70.0,Podstawowe,10717.76,23:41,04:09,Inne
Kobieta,19.0,Średnie,3127.32,15:37,19:42,Inne
Kobieta,33.0,Podstawowe,9331.69,05:04,13:47,Zakupy
Mężczyzna,62.0,Wyższe,5879.84,14:59,15:32,Edukacja
Mężczyzna,32.0,Podstawowe,9028.12,21:00,05:01,Rozrywka
Mężczyzna,38.0,Średnie,3419.58,15:18,19:13,Zakupy
Mężczyzna,64.0,Podstawowe,9522.36,23:33,01:57,Edukacja
Kobieta,42.0,Podstawowe,9347.54,14:14,22:36,Edukacja
Kobieta,56.0,Podstawowe,14400.78,06:19,17:15,Rozrywka
Kobieta,24.0,Średnie,10841.28,14:44,19:00,Rozrywka
Mężczyzna,21.0,Podstawowe,9223.73,06:12,12:14,Praca
Mężczyzna,54.0,Wyższe,14070.41,16:43,19:28,Zakupy
Mężczyzna,50.0,,13743.22,21:51,23:39,Inne
Kobieta,30.0,Podstawowe,14687.74,30:03,02:26,Edukacja
Mężczyzna,23.0,Podstawowe,11857.36,11:55,20:11,Edukacja
Mężczyzna,39.0,Wyższe,10266.12,18:03,03:02,Rozrywka
Mężczyzna,69.0,Średnie,7745.5,08:15,15:25,Praca
Mężczyzna,67.0,Średnie,4888.15,05:20,15:08,Inne
Kobieta,66.0,Wyższe,4396.78,20:14,04:41,Edukacja
Kobieta,64.0,Średnie,11249.72,20:41,20:58,Edukacja
Mężczyzna,31.0,Średnie,7602.99,20:34,23:49,Inne
Mężczyzna,22.0,Podstawowe,3773.96,10:15,19:59,Inne
Kobieta,60.0,Wyższe,9175.03,14:22,14:43,Edukacja
Mężczyzna,40.0,Podstawowe,14383.18,,05:58,Zakupy
Kobieta,45.0,Średnie,14198.08,20:01,02:23,Inne
Mężczyzna,50.0,Średnie,7921.73,05:49,12:50,Rozrywka
Kobieta,34.0,Średnie,4446.36,18:58,19:27,Inne
Mężczyzna,37.0,Wyższe,11490.58,23:58,05:33,Rozrywka
,,Podstawowe,,,,Rozrywka
Kobieta,24.0,Wyższe,14681.12,11:32,14:21,Inne
Mężczyzna,70.0,Średnie,7687.12,09:35,17:27,Rozrywka
Mężczyzna,24.0,Podstawowe,3243.9,23:26,08:50,Zakupy
Mężczyzna,20.0,Wyższe,7883.87,11:59,13:35,Inne
Kobieta,35.0,Podstawowe,9949.54,08:24,10:19,Zakupy
Mężczyzna,61.0,Podstawowe,10692.02,15:10,17:36,Zakupy
Kobieta,59.0,Wyższe,5685.02,11:09,13:25,Zakupy
Kobieta,43.0,Wyższe,4921.76,11:03,19:25,Praca
Kobieta,67.0,Średnie,6818.19,12:37,21:18,Edukacja
Mężczyzna,38.0,Wyższe,14361.92,13:14,15:25,Praca
Kobieta,62.0,Średnie,7741.89,13:38,19:16,Praca
Kobieta,24.0,Wyższe,12139.67,07:20,13:03,Inne
Kobieta,47.0,Średnie,3111.12,19:55,06:04,Edukacja
Kobieta,63.0,Podstawowe,8616.37,23:17,09:59,Edukacja
Mężczyzna,40.0,Podstawowe,12929.46,11:01,16:46,Rozrywka
Mężczyzna,39.0,Podstawowe,11032.26,06:51,14:21,Edukacja
Mężczyzna,49.0,Średnie,3337.47,15:51,18:13,Rozrywka
Kobieta,69.0,Średnie,11376.78,20:19,02:40,Praca
Kobieta,29.0,Średnie,14871.67,08:58,11:32,Rozrywka
Mężczyzna,43.0,Średnie,11443.55,06:40,07:20,Praca
Mężczyzna,35.0,Średnie,3751.75,10:45,12:08,Inne
Mężczyzna,37.0,Wyższe,11689.72,10:08,10:25,Praca
Mężczyzna,50.0,Wyższe,5096.51,16:14,01:08,Praca
Mężczyzna,24.0,Podstawowe,4520.12,18:44,22:42,Rozrywka
Kobieta,60.0,Podstawowe,6795.53,16:07,01:27,Edukacja
Mężczyzna,21.0,Podstawowe,9153.57,17:37,18:21,Rozrywka
Mężczyzna,,Podstawowe,8125.4,09:11,19:45,Zakupy
Mężczyzna,67.0,Średnie,5205.84,07:44,08:53,Edukacja
Mężczyzna,30.0,Średnie,12592.11,12:49,21:32,Zakupy
Kobieta,37.0,Wyższe,8434.63,05:10,07:32,Zakupy
Mężczyzna,45.0,Wyższe,5247.77,08:58,15:07,Praca
Mężczyzna,19.0,Średnie,11886.39,17:36,18:23,Rozrywka
Mężczyzna,23.0,Podstawowe,13689.33,05:34,11:12,Praca
Mężczyzna,38.0,Średnie,9744.79,17:58,17:33,Inne
Kobieta,37.0,Wyższe,5822.61,21:12,22:57,Inne
Mężczyzna,31.0,Wyższe,9850.26,22:14,08:16,Inne
Kobieta,56.0,Średnie,14690.73,21:35,01:56,Inne
Mężczyzna,20.0,Podstawowe,5468.24,10:57,16:23,Praca
Mężczyzna,41.0,Wyższe,7592.16,10:26,16:42,Edukacja
,,Podstawowe,,16:05,,
,62.0,,,26:49,07:02,
Mężczyzna,68.0,Wyższe,13037.75,21:28,10:47,Zakupy
Kobieta,67.0,Średnie,4886.15,20:55,06:16,Rozrywka
Kobieta,68.0,Podstawowe,9186.82,06:56,10:37,Zakupy
Kobieta,19.0,Podstawowe,14208.43,11:55,18:34,Rozrywka
Mężczyzna,53.0,Średnie,7168.72,06:48,17:05,Zakupy
Kobieta,30.0,Średnie,6476.68,13:42,14:16,Inne
Kobieta,61.0,Podstawowe,7165.28,17:26,18:30,Praca
Kobieta,36.0,Wyższe,8494.64,06:25,11:42,Edukacja
Kobieta,23.0,Średnie,12184.08,07:32,11:43,Rozrywka
Kobieta,60.0,Średnie,5505.67,21:07,01:50,Inne
Kobieta,52.0,Podstawowe,7310.82,23:33,04:21,Edukacja
Mężczyzna,56.0,Wyższe,3133.91,18:12,00:32,Edukacja
Mężczyzna,60.0,Średnie,6663.82,18:15,19:34,Zakupy
Mężczyzna,45.0,Wyższe,5773.44,07:18,16:22,Praca
Mężczyzna,63.0,Średnie,14966.64,14:27,19:30,Praca
Kobieta,36.0,Podstawowe,5209.22,08:11,16:43,Praca
Mężczyzna,26.0,Podstawowe,10247.89,18:51,20:55,Rozrywka
Mężczyzna,44.0,Podstawowe,14476.99,22:36,00:01,Praca
Kobieta,48.0,Wyższe,12350.13,22:46,23:56,Zakupy
Mężczyzna,22.0,Podstawowe,6879.56,11:06,16:28,Rozrywka
Kobieta,29.0,Średnie,6385.48,23:11,06:28,Rozrywka
Mężczyzna,48.0,Średnie,7497.39,05:36,11:09,Zakupy
Kobieta,25.0,Wyższe,8237.59,09:40,12:07,Zakupy
Kobieta,31.0,Średnie,3747.14,20:06,01:15,Zakupy
Kobieta,51.0,Podstawowe,8568.21,11:17,19:44,Rozrywka
Kobieta,65.0,Podstawowe,6731.03,09:03,18:25,Rozrywka
Kobieta,21.0,Podstawowe,9876.63,23:35,00:06,Rozrywka
Mężczyzna,49.0,Wyższe,5902.25,19:06,23:43,Inne
Kobieta,37.0,Podstawowe,10381.8,08:17,18:07,Rozrywka
Kobieta,42.0,Podstawowe,12697.41,21:46,08:28,Inne
Mężczyzna,51.0,Podstawowe,7444.93,25:46,02:22,Rozrywka
Mężczyzna,28.0,Wyższe,6048.11,12:25,15:17,Inne
Mężczyzna,53.0,Wyższe,11082.67,21:45,05:44,Rozrywka
Kobieta,49.0,Średnie,8748.23,10:45,20:16,Zakupy
Mężczyzna,30.0,Średnie,7052.4,19:28,19:01,Rozrywka
Mężczyzna,64.0,Średnie,14063.28,10:04,11:46,Zakupy
Kobieta,22.0,Wyższe,13357.46,17:16,17:38,Praca
Mężczyzna,64.0,Podstawowe,3786.75,11:50,,Praca
Mężczyzna,20.0,Średnie,12789.85,13:20,22:43,Edukacja
Mężczyzna,46.0,Podstawowe,13070.4,06:32,13:43,Praca
Mężczyzna,69.0,Średnie,4418.66,08:13,13:43,Rozrywka
Kobieta,20.0,Średnie,5260.84,19:45,06:23,Praca
Kobieta,68.0,Średnie,13515.86,05:04,15:03,Zakupy
Kobieta,18.0,Średnie,7321.43,20:39,04:05,Edukacja
Mężczyzna,48.0,Średnie,12475.98,05:31,06:31,Edukacja
Kobieta,54.0,Wyższe,6287.88,19:20,20:15,Rozrywka
Kobieta,26.0,Wyższe,12247.36,16:40,23:07,Praca
Kobieta,18.0,Wyższe,9988.95,13:14,00:13,Rozrywka
Kobieta,45.0,Średnie,5777.26,22:04,09:47,Zakupy
Mężczyzna,40.0,Podstawowe,14370.1,17:50,02:46,Inne
Kobieta,25.0,Średnie,4531.74,20:05,20:20,Rozrywka
Mężczyzna,26.0,Podstawowe,12152.82,14:42,20:12,Edukacja
Kobieta,24.0,Średnie,3439.86,22:42,08:28,Rozrywka
Mężczyzna,18.0,Średnie,8938.99,07:04,07:18,Rozrywka
Kobieta,47.0,Wyższe,8037.68,23:01,00:00,Zakupy
Kobieta,48.0,Podstawowe,6950.97,19:03,02:11,Zakupy
,42.0,Wyższe,4892.19,06:24,06:21,Zakupy
Kobieta,19.0,Wyższe,14913.42,18:37,02:29,Rozrywka
Mężczyzna,54.0,Podstawowe,11330.42,17:17,17:33,Rozrywka
Kobieta,64.0,Wyższe,6038.6,17:09,00:40,Zakupy
Kobieta,56.0,,6620.95,06:46,16:06,Edukacja
Kobieta,56.0,Wyższe,7650.63,12:35,21:17,Edukacja
Kobieta,19.0,Wyższe,7232.81,23:43,03:36,Edukacja
Mężczyzna,63.0,Średnie,3897.6,16:36,19:21,Zakupy
Kobieta,30.0,Średnie,5252.8,22:10,02:46,Inne
Kobieta,36.0,Wyższe,3413.37,13:09,14:27,Praca
Mężczyzna,63.0,Średnie,6657.78,18:02,00:15,Inne
Mężczyzna,60.0,Wyższe,14813.85,15:26,19:34,Zakupy
Mężczyzna,31.0,Wyższe,13471.99,19:38,03:36,Edukacja
Kobieta,23.0,Podstawowe,9141.02,21:48,08:17,Inne
Kobieta,63.0,Podstawowe,13577.18,19:43,21:40,Praca
Kobieta,57.0,Średnie,6114.83,05:56,14:25,Zakupy
Kobieta,70.0,Średnie,9610.97,15:05,23:16,Inne
Mężczyzna,51.0,Wyższe,3182.34,11:20,14:34,Edukacja
Mężczyzna,18.0,Średnie,8892.35,17:59,17:08,Zakupy
Kobieta,22.0,Wyższe,11106.89,16:39,21:08,Zakupy
Mężczyzna,70.0,Średnie,13867.53,11:18,21:25,Zakupy
Mężczyzna,59.0,Podstawowe,4264.52,10:34,11:42,Rozrywka
Mężczyzna,54.0,Podstawowe,7238.4,11:58,16:58,Inne
Mężczyzna,20.0,Podstawowe,10716.36,19:08,00:50,Edukacja
Kobieta,59.0,Podstawowe,9525.57,23:43,09:42,Praca
Kobieta,54.0,Wyższe,11558.44,12:32,12:14,Rozrywka
Kobieta,51.0,Wyższe,4942.12,09:09,18:39,Praca
Kobieta,52.0,Wyższe,10771.23,14:26,23:48,Zakupy
Mężczyzna,19.0,Podstawowe,7154.44,22:37,00:44,Praca
Mężczyzna,28.0,Podstawowe,,09:28,14:22,Praca
,39.0,,,,,Edukacja
Kobieta,63.0,Podstawowe,14831.31,18:06,01:16,Inne
Kobieta,52.0,Wyższe,12922.63,18:01,05:06,Edukacja
,,,,13:22,,Inne
Kobieta,50.0,Podstawowe,9498.45,07:21,17:41,Inne
Kobieta,61.0,Wyższe,14639.33,06:08,07:37,Praca
Kobieta,61.0,Średnie,12460.26,17:26,22:48,Praca
Mężczyzna,49.0,Podstawowe,14495.13,06:15,16:06,Inne
Mężczyzna,27.0,Podstawowe,13309.46,05:22,12:19,Zakupy
Kobieta,29.0,Podstawowe,5634.94,18:31,02:35,Inne
Mężczyzna,59.0,Wyższe,13274.99,17:10,22:43,Inne
Kobieta,59.0,Wyższe,8809.87,19:13,03:52,Rozrywka
Kobieta,32.0,Wyższe,13220.67,12:42,16:46,Zakupy
Mężczyzna,26.0,Podstawowe,4155.23,06:55,13:43,
Mężczyzna,20.0,Wyższe,7716.69,14:48,20:52,Zakupy
Kobieta,49.0,Podstawowe,3788.1,16:32,20:36,Edukacja
Mężczyzna,45.0,Podstawowe,14539.78,14:16,01:39,Praca
Kobieta,66.0,Wyższe,14329.18,12:44,15:10,
Kobieta,48.0,Podstawowe,8125.14,19:57,21:45,Praca
Kobieta,32.0,Wyższe,3729.43,17:24,18:40,Zakupy
Mężczyzna,42.0,Średnie,13645.23,22:39,06:00,Rozrywka
Mężczyzna,31.0,Podstawowe,8823.83,05:15,05:38,Edukacja
Kobieta,23.0,Podstawowe,9789.22,07:42,10:43,Inne
Kobieta,56.0,Średnie,3299.51,23:38,12:15,Zakupy
Mężczyzna,58.0,Wyższe,12146.0,20:28,22:22,Edukacja
Mężczyzna,58.0,Średnie,12221.29,22:41,07:50,Inne
Mężczyzna,52.0,Podstawowe,4636.84,09:00,16:10,Rozrywka
Mężczyzna,44.0,Podstawowe,8975.32,07:53,17:25,Edukacja
Kobieta,37.0,Wyższe,4427.8,08:54,15:59,Praca
Mężczyzna,56.0,Średnie,7317.77,17:33,19:28,Praca
Kobieta,21.0,Podstawowe,11469.77,22:13,01:06,Praca
Kobieta,50.0,Wyższe,6656.45,05:24,06:27,Edukacja
Kobieta,51.0,Podstawowe,12047.99,08:55,12:39,Zakupy
Kobieta,51.0,Wyższe,9495.03,05:33,10:47,
Mężczyzna,22.0,Średnie,12388.61,06:09,13:53,Edukacja
Kobieta,27.0,Średnie,6567.24,05:28,07:18,Rozrywka
Kobieta,53.0,Średnie,11855.89,05:24,16:04,Inne
Kobieta,49.0,Podstawowe,14093.06,19:55,21:02,Zakupy
Kobieta,23.0,Średnie,7091.14,18:37,05:59,Inne
Mężczyzna,63.0,Wyższe,6847.17,10:35,18:24,Edukacja
Mężczyzna,53.0,Podstawowe,10161.24,20:48,20:57,Rozrywka
Mężczyzna,37.0,Wyższe,10589.82,23:12,07:00,Rozrywka
,20.0,,,,,Praca
Mężczyzna,23.0,Wyższe,6708.0,19:30,00:14,Edukacja
Kobieta,61.0,Średnie,14700.77,23:50,23:57,Rozrywka
Mężczyzna,,Średnie,5678.2,19:04,21:56,Inne
Kobieta,24.0,Średnie,12441.39,14:52,01:55,Edukacja
Mężczyzna,39.0,Wyższe,11393.06,21:10,01:24,Rozrywka
Kobieta,49.0,Podstawowe,4938.4,21:07,05:15,Zakupy
Kobieta,31.0,Wyższe,5981.94,05:48,06:33,Praca
Kobieta,41.0,Wyższe,11826.12,09:29,20:32,Zakupy
Mężczyzna,60.0,Średnie,5620.02,23:32,02:49,Zakupy
Mężczyzna,38.0,Podstawowe,6309.75,13:18,14:50,Inne
Mężczyzna,36.0,Średnie,14297.76,10:06,20:07,Rozrywka
Kobieta,53.0,Wyższe,8406.27,12:59,14:26,Praca
Kobieta,26.0,Wyższe,13527.04,09:49,,Edukacja
Mężczyzna,65.0,Średnie,12429.67,17:44,02:42,Zakupy
Kobieta,43.0,Podstawowe,9798.55,10:04,10:31,Edukacja
Mężczyzna,22.0,Wyższe,5956.47,05:55,09:56,Zakupy
Mężczyzna,70.0,Podstawowe,14125.83,09:33,09:23,Edukacja
Mężczyzna,59.0,Wyższe,10181.85,05:34,14:07,Edukacja
Kobieta,30.0,Podstawowe,9214.96,19:08,20:42,Edukacja
Mężczyzna,66.0,Wyższe,13759.23,10:22,16:28,Edukacja
Kobieta,46.0,Podstawowe,5459.73,17:14,21:47,Edukacja
Kobieta,26.0,Wyższe,7936.32,18:45,02:28,Inne
Kobieta,25.0,Średnie,10797.32,20:05,02:53,Inne
Kobieta,47.0,Podstawowe,7057.39,10:29,15:34,Inne
Mężczyzna,35.0,Podstawowe,11105.72,16:08,01:08,Zakupy
Kobieta,40.0,Średnie,5446.24,10:11,19:59,Zakupy
Kobieta,59.0,Podstawowe,14436.66,22:55,00:44,Zakupy
Kobieta,70.0,Wyższe,9283.12,21:44,01:18,Praca
Kobieta,68.0,Średnie,13140.79,07:43,13:12,Inne
Mężczyzna,25.0,Podstawowe,,16:39,16:33,Praca
Mężczyzna,21.0,Średnie,5970.98,08:50,19:58,Inne
Kobieta,32.0,Podstawowe,6555.29,18:32,00:18,Praca
Mężczyzna,63.0,Wyższe,11913.42,18:11,03:50,Zakupy
Kobieta,64.0,Wyższe,8611.47,14:40,23:13,Inne
Mężczyzna,65.0,Średnie,11432.48,21:08,01:42,Praca
Mężczyzna,49.0,Podstawowe,13929.78,14:47,17:05,Inne
Kobieta,44.0,Wyższe,6809.1,08:41,17:25,Inne
Kobieta,23.0,Wyższe,13346.29,11:20,17:25,Zakupy
Kobieta,22.0,Wyższe,9138.2,17:54,22:20,Edukacja
Mężczyzna,66.0,Podstawowe,3221.63,11:49,14:30,Rozrywka
Kobieta,25.0,Wyższe,13883.16,20:07,05:57,Rozrywka
Mężczyzna,41.0,Średnie,8750.4,18:26,18:45,Praca
Mężczyzna,50.0,Średnie,10897.5,11:52,14:01,Rozrywka
Kobieta,69.0,Wyższe,9884.01,05:19,07:34,Edukacja
Mężczyzna,29.0,Podstawowe,9067.81,13:05,14:21,Praca
Mężczyzna,39.0,Podstawowe,4451.96,12:21,13:05,Rozrywka
Mężczyzna,43.0,Wyższe,12805.73,10:26,20:35,Edukacja
Kobieta,51.0,Podstawowe,8500.93,08:44,19:50,Zakupy
Kobieta,28.0,Wyższe,9163.87,06:05,07:34,Rozrywka
Kobieta,22.0,Średnie,7834.36,07:53,07:41,Edukacja
Mężczyzna,68.0,Średnie,12713.16,05:27,,Praca
Mężczyzna,24.0,Wyższe,9144.19,18:48,01:42,Praca
Mężczyzna,38.0,Podstawowe,5248.16,19:59,02:38,Zakupy
Kobieta,59.0,Średnie,12997.71,22:06,01:38,Praca
Kobieta,46.0,,7743.84,05:15,14:31,Praca
Kobieta,37.0,Wyższe,6946.48,21:07,03:32,Edukacja
Kobieta,53.0,,6405.93,07:16,10:41,Edukacja
Kobieta,49.0,Średnie,4415.28,12:52,17:43,Inne
Kobieta,45.0,Podstawowe,6809.69,22:46,08:06,Edukacja
Mężczyzna,21.0,Podstawowe,8057.13,11:05,13:35,Zakupy
Mężczyzna,20.0,Podstawowe,13940.99,06:44,10:17,Rozrywka
Kobieta,22.0,Podstawowe,8417.95,08:10,12:21,Inne
Kobieta,69.0,Średnie,8899.61,06:16,14:58,Rozrywka
Kobieta,37.0,Średnie,9271.72,10:37,17:18,Edukacja
Mężczyzna,41.0,Podstawowe,8453.72,19:46,02:57,Inne
Mężczyzna,37.0,Podstawowe,3276.99,19:08,04:38,Praca
Mężczyzna,56.0,Wyższe,12647.42,16:42,18:58,Edukacja
Kobieta,18.0,Podstawowe,10238.76,13:09,21:36,Praca
Kobieta,49.0,Średnie,12283.47,05:21,16:59,Edukacja
Kobieta,29.0,Średnie,6270.46,,08:06,Zakupy
Kobieta,30.0,Średnie,5340.61,19:18,22:21,Inne
Mężczyzna,68.0,Podstawowe,11036.98,21:56,22:29,Rozrywka
Mężczyzna,39.0,Średnie,8938.88,13:32,21:48,Rozrywka
Mężczyzna,28.0,Wyższe,5577.12,21:35,22:24,Praca
Kobieta,20.0,Wyższe,14566.9,10:59,19:03,Inne
Kobieta,63.0,Średnie,14049.78,09:08,15:24,Edukacja
Kobieta,20.0,Wyższe,12530.52,21:20,03:02,Edukacja
Mężczyzna,24.0,Średnie,10056.85,10:07,21:41,Edukacja
Mężczyzna,70.0,Wyższe,8748.11,09:33,18:16,Zakupy
Mężczyzna,22.0,Wyższe,10675.28,14:54,17:55,Praca
Mężczyzna,21.0,Wyższe,13709.16,18:10,19:54,Edukacja
Mężczyzna,26.0,Średnie,3782.22,20:09,02:41,Zakupy
Kobieta,53.0,Wyższe,3673.81,13:07,19:26,Inne
Kobieta,38.0,Średnie,11068.78,17:34,00:12,Zakupy
Mężczyzna,28.0,Wyższe,5720.71,11:08,17:05,Rozrywka
Mężczyzna,35.0,Podstawowe,3350.3,23:24,06:49,Zakupy
Mężczyzna,59.0,Podstawowe,4813.84,08:44,10:10,Rozrywka
Kobieta,20.0,Wyższe,12510.53,12:23,15:26,Edukacja
Kobieta,36.0,Średnie,3187.27,22:16,02:38,Inne
Kobieta,55.0,Wyższe,5927.4,19:26,19:35,Edukacja
Mężczyzna,27.0,Podstawowe,13231.03,07:31,10:11,Edukacja
Mężczyzna,56.0,Średnie,10929.01,23:51,04:48,Edukacja
Kobieta,30.0,Wyższe,14405.94,06:31,07:04,Edukacja
Kobieta,63.0,Podstawowe,3227.73,22:03,06:21,Praca
Mężczyzna,47.0,Podstawowe,14939.22,07:52,11:29,Edukacja
Kobieta,46.0,Podstawowe,9195.81,16:33,22:44,Edukacja
Mężczyzna,35.0,Wyższe,6123.57,05:25,05:18,Inne
Mężczyzna,38.0,Średnie,5158.74,05:32,08:09,Zakupy
Kobieta,54.0,Średnie,9671.46,13:04,16:24,Praca
Mężczyzna,61.0,Średnie,11109.67,12:40,14:00,Rozrywka
Kobieta,46.0,Wyższe,4454.66,06:43,09:04,Edukacja
Kobieta,42.0,Średnie,7602.34,08:07,13:33,Praca
Kobieta,63.0,Wyższe,9988.62,13:29,20:30,Edukacja
Mężczyzna,27.0,Podstawowe,13479.9,07:13,11:33,Zakupy
Mężczyzna,48.0,Średnie,7623.77,22:35,05:15,Edukacja
Kobieta,67.0,Wyższe,8574.69,08:11,11:17,Rozrywka
Mężczyzna,54.0,Średnie,13362.57,19:02,23:55,Inne
Mężczyzna,67.0,Wyższe,12467.3,18:24,05:53,Inne
Mężczyzna,57.0,Podstawowe,8910.06,23:02,05:33,Praca
Mężczyzna,59.0,Wyższe,11445.9,06:20,09:04,Rozrywka
Kobieta,44.0,Średnie,12604.92,22:09,23:45,Zakupy
Mężczyzna,39.0,Wyższe,10823.19,19:10,00:52,Zakupy
Mężczyzna,64.0,Wyższe,5457.39,10:45,21:27,Inne
Kobieta,23.0,Wyższe,6153.89,11:41,15:48,Edukacja
Mężczyzna,56.0,Wyższe,13555.13,25:06,16:23,Edukacja
,32.0,,,,20:33,
Mężczyzna,56.0,Podstawowe,13023.07,20:52,07:04,Praca
Kobieta,24.0,Wyższe,6165.15,14:22,00:28,Praca
Mężczyzna,57.0,Średnie,11999.12,06:50,12:37,Zakupy
Kobieta,52.0,Średnie,3903.29,07:03,18:33,Praca
Kobieta,19.0,Średnie,8339.91,07:05,17:01,Edukacja
Mężczyzna,68.0,Podstawowe,9950.7,16:07,20:28,Inne
Mężczyzna,63.0,Podstawowe,9229.63,06:41,09:54,Zakupy
Kobieta,50.0,Podstawowe,3316.86,06:34,17:37,Inne
Kobieta,32.0,Średnie,6283.95,08:46,10:26,Rozrywka
Kobieta,47.0,Średnie,14790.28,20:57,22:21,Rozrywka
Mężczyzna,35.0,Podstawowe,8133.07,15:53,16:44,Praca
Mężczyzna,36.0,Wyższe,9213.77,17:47,23:27,Rozrywka
Mężczyzna,48.0,Podstawowe,10429.1,13:46,18:18,Edukacja
Kobieta,,Podstawowe,12400.7,06:33,16:27,Inne
Mężczyzna,49.0,Podstawowe,6255.57,13:10,19:35,Inne
Kobieta,39.0,Wyższe,6791.01,16:41,19:10,Praca
Kobieta,63.0,Podstawowe,10153.45,06:20,17:19,Zakupy
Kobieta,26.0,Średnie,4307.68,11:57,15:57,Praca
Kobieta,46.0,Wyższe,5088.48,08:33,12:54,Inne
Kobieta,38.0,Średnie,9193.98,06:35,14:07,Inne
Mężczyzna,54.0,Wyższe,8179.51,13:05,22:35,Inne
Kobieta,38.0,Podstawowe,9692.43,12:11,17:38,Zakupy
Mężczyzna,51.0,Wyższe,10121.09,27:39,08:23,Rozrywka
Kobieta,64.0,Wyższe,8187.09,17:19,19:29,Zakupy
Kobieta,52.0,Wyższe,13304.07,21:14,04:47,Rozrywka
Mężczyzna,47.0,Wyższe,7174.72,10:52,18:31,Edukacja
Kobieta,19.0,Wyższe,11069.16,17:32,18:00,Edukacja
Mężczyzna,36.0,Średnie,3748.9,11:34,19:06,Inne
Mężczyzna,50.0,Średnie,14147.51,20:37,23:18,Zakupy
Kobieta,57.0,Podstawowe,3658.62,06:32,09:19,Zakupy
,56.0,,,,,Praca
Mężczyzna,21.0,Średnie,5527.02,13:44,20:18,Edukacja
Mężczyzna,53.0,Średnie,4308.59,16:45,03:54,Inne
Mężczyzna,52.0,Wyższe,11661.29,14:22,23:49,Edukacja
Mężczyzna,65.0,Wyższe,3250.73,18:38,00:42,Inne
Mężczyzna,67.0,Wyższe,6635.81,06:35,16:19,Edukacja
Kobieta,39.0,Wyższe,13168.24,07:17,12:38,Praca
Kobieta,39.0,Średnie,10915.82,17:20,18:37,Rozrywka
Mężczyzna,65.0,Podstawowe,5575.65,22:26,01:03,Inne
Mężczyzna,51.0,Podstawowe,10078.36,08:25,09:06,Edukacja
Mężczyzna,57.0,Podstawowe,6552.36,16:22,21:42,Inne
Mężczyzna,70.0,Średnie,5805.64,10:25,20:10,Edukacja
Mężczyzna,24.0,Średnie,9965.4,10:28,15:31,Rozrywka
Mężczyzna,34.0,Średnie,4588.07,14:17,14:07,Edukacja
,54.0,,,,14:30,
Kobieta,31.0,Średnie,6500.27,07:55,15:23,Rozrywka
Mężczyzna,67.0,Wyższe,13982.15,06:13,13:14,Rozrywka
Mężczyzna,56.0,Średnie,14176.63,14:08,18:06,Edukacja
Mężczyzna,43.0,Podstawowe,7440.69,12:59,,Rozrywka
Kobieta,20.0,Podstawowe,5969.61,19:26,23:10,Praca
Mężczyzna,26.0,Średnie,4783.65,13:15,14:21,Edukacja
Mężczyzna,49.0,Średnie,14561.34,12:25,20:03,Rozrywka
Mężczyzna,31.0,Wyższe,3605.33,16:37,03:39,Inne
Mężczyzna,42.0,Średnie,3681.01,22:36,01:57,Rozrywka
Kobieta,40.0,Średnie,3301.78,18:39,21:33,Rozrywka
Kobieta,57.0,Wyższe,8849.19,12:30,13:54,Edukacja
Mężczyzna,26.0,Wyższe,10867.6,25:17,23:59,Edukacja
Kobieta,65.0,Średnie,11583.3,16:40,18:54,Rozrywka
Kobieta,64.0,Wyższe,14303.89,16:02,00:04,Zakupy
Mężczyzna,41.0,Wyższe,9713.25,05:05,15:14,Praca
Kobieta,64.0,Wyższe,4360.1,23:38,05:48,Rozrywka
Mężczyzna,62.0,Średnie,7417.08,13:02,23:37,Rozrywka
Kobieta,62.0,Średnie,,18:30,19:14,Rozrywka
Kobieta,66.0,Wyższe,4654.0,10:00,18:07,Praca
Mężczyzna,62.0,Średnie,6269.1,09:51,10:09,Inne
Kobieta,30.0,Wyższe,4465.48,17:07,19:33,Zakupy
Mężczyzna,40.0,Wyższe,12460.24,15:26,22:18,Zakupy
Kobieta,54.0,Średnie,10811.47,14:36,19:18,Edukacja
Kobieta,63.0,Podstawowe,3877.59,22:44,07:11,Zakupy
Kobieta,18.0,Wyższe,11319.25,17:44,01:07,Rozrywka
Kobieta,35.0,Wyższe,13114.71,17:50,18:58,Praca
Mężczyzna,44.0,Średnie,14654.87,12:15,12:01,Edukacja
Mężczyzna,50.0,Wyższe,6610.8,09:34,09:58,Zakupy
Kobieta,58.0,Podstawowe,6023.79,08:19,19:02,Edukacja
Mężczyzna,57.0,Podstawowe,12038.61,16:57,18:24,Inne
Mężczyzna,24.0,Średnie,12041.26,12:51,12:39,Rozrywka
Mężczyzna,21.0,Wyższe,8175.25,15:07,18:04,Edukacja
Mężczyzna,24.0,Podstawowe,14618.43,12:36,16:31,Zakupy
Kobieta,43.0,Wyższe,4219.92,23:51,03:36,Edukacja
Kobieta,23.0,Podstawowe,9124.98,07:02,15:19,Edukacja
Kobieta,23.0,Podstawowe,5726.92,17:13,22:38,Praca
Mężczyzna,31.0,Podstawowe,6505.17,08:15,15:02,Edukacja
Kobieta,55.0,Wyższe,6565.01,22:33,06:43,Rozrywka
Mężczyzna,21.0,Średnie,8097.51,18:51,23:49,Praca
Mężczyzna,59.0,Wyższe,6503.05,09:28,18:33,Edukacja
Mężczyzna,25.0,Wyższe,12186.46,17:44,23:47,Rozrywka
Kobieta,23.0,Średnie,14110.59,24:17,18:36,Inne
Kobieta,69.0,Średnie,10565.89,18:45,05:09,Edukacja
Mężczyzna,49.0,Średnie,9315.56,20:56,02:21,Edukacja
Mężczyzna,64.0,Średnie,10501.0,11:39,13:47,Edukacja
Mężczyzna,31.0,Średnie,7747.06,05:34,09:49,Edukacja
Kobieta,68.0,Wyższe,14751.07,18:49,03:58,Edukacja
Mężczyzna,57.0,Wyższe,5683.27,16:44,18:26,Edukacja
Mężczyzna,29.0,Średnie,9049.69,22:52,23:58,Inne
Mężczyzna,66.0,Średnie,6432.1,05:48,12:34,Edukacja
Kobieta,70.0,Średnie,12052.55,23:33,04:30,Rozrywka
Kobieta,29.0,Średnie,5860.64,17:30,17:11,Rozrywka
Kobieta,53.0,Średnie,11063.97,16:48,21:24,Edukacja
Mężczyzna,34.0,Wyższe,7212.35,05:33,16:03,Edukacja
Mężczyzna,51.0,Podstawowe,11637.67,10:34,13:42,Zakupy
Kobieta,49.0,Podstawowe,4520.92,16:54,03:28,Edukacja
Kobieta,25.0,Średnie,14360.59,09:43,16:29,Inne
Kobieta,26.0,Średnie,9138.84,09:35,09:08,Praca
Mężczyzna,59.0,Wyższe,13213.81,20:47,00:12,Zakupy
Mężczyzna,37.0,Podstawowe,9841.04,18:10,02:41,Rozrywka
Kobieta,22.0,Średnie,6515.26,09:23,15:17,Rozrywka
Mężczyzna,54.0,Wyższe,7397.3,13:06,21:26,Praca
Mężczyzna,57.0,Średnie,9811.08,18:58,19:37,Praca
Kobieta,37.0,Podstawowe,6242.77,10:37,18:43,Rozrywka
Mężczyzna,32.0,Podstawowe,4080.23,10:10,20:50,Zakupy
Mężczyzna,43.0,Wyższe,14594.62,12:50,18:41,Inne
Mężczyzna,18.0,Wyższe,12836.02,21:45,21:13,Praca
Kobieta,22.0,Podstawowe,12505.73,05:32,11:21,Inne
Mężczyzna,49.0,Podstawowe,14827.0,20:20,06:19,Rozrywka
Mężczyzna,41.0,Podstawowe,13184.43,16:16,16:38,Inne
Kobieta,33.0,Podstawowe,11958.2,22:46,09:01,Edukacja
Kobieta,43.0,Średnie,9348.98,14:36,00:08,Rozrywka
Mężczyzna,24.0,Średnie,,12:16,23:12,Praca
Kobieta,64.0,Średnie,9020.07,18:05,03:33,Rozrywka
Mężczyzna,41.0,Podstawowe,4337.77,08:55,15:02,Rozrywka
Kobieta,34.0,Podstawowe,6429.43,19:34,19:29,Zakupy
Kobieta,22.0,Wyższe,3276.47,13:10,19:44,Inne
Kobieta,32.0,Wyższe,4212.85,13:51,20:36,Rozrywka
Kobieta,19.0,Wyższe,4182.41,09:13,12:55,Inne
Kobieta,61.0,Średnie,7138.4,11:22,16:30,Praca
,62.0,,9741.71,,,
Kobieta,44.0,Średnie,13575.24,13:14,13:58,Zakupy
Mężczyzna,61.0,Średnie,6849.51,14:53,16:16,Edukacja
Mężczyzna,49.0,Podstawowe,11789.17,20:39,21:50,
Kobieta,20.0,Podstawowe,4779.21,10:48,19:29,Rozrywka
Mężczyzna,37.0,Średnie,13534.56,08:44,10:34,Rozrywka
Mężczyzna,48.0,Wyższe,6123.9,05:08,07:10,Inne
,31.0,Średnie,7270.31,17:49,00:00,Praca
Mężczyzna,33.0,Średnie,10096.53,19:44,03:31,Edukacja
Kobieta,19.0,Podstawowe,14952.05,08:24,10:46,Edukacja
Kobieta,69.0,Podstawowe,11619.05,23:41,05:52,Zakupy
Mężczyzna,20.0,Podstawowe,8434.76,,17:49,Zakupy
Mężczyzna,32.0,Podstawowe,13695.06,21:35,02:26,Inne
Mężczyzna,29.0,Podstawowe,10871.44,05:34,07:58,Edukacja
Kobieta,60.0,Średnie,3535.29,16:54,02:50,Inne
Mężczyzna,35.0,Wyższe,13518.11,19:32,04:17,Edukacja
Kobieta,47.0,Wyższe,6706.58,15:56,18:18,Praca
Mężczyzna,68.0,Średnie,11448.55,19:04,21:20,Inne
Kobieta,54.0,Wyższe,3576.88,06:28,14:40,Inne
Mężczyzna,31.0,Podstawowe,12118.07,16:18,23:08,Rozrywka
Mężczyzna,24.0,Średnie,6050.59,18:08,,Zakupy
Mężczyzna,28.0,Średnie,4017.42,16:41,01:50,Edukacja
Kobieta,26.0,Wyższe,6625.53,13:44,13:50,Zakupy
Mężczyzna,28.0,Średnie,3978.55,07:46,14:13,Rozrywka
Kobieta,51.0,Podstawowe,12992.61,11:36,12:29,Rozrywka
Kobieta,24.0,Podstawowe,9821.21,18:18,05:21,Edukacja
Mężczyzna,44.0,Podstawowe,13997.85,23:06,08:29,Praca
,33.0,Średnie,,,,
Mężczyzna,33.0,Średnie,5885.02,11:10,21:24,Praca
Mężczyzna,65.0,Podstawowe,5171.72,17:39,02:15,Rozrywka
Mężczyzna,32.0,Podstawowe,7003.82,19:08,00:14,Zakupy
Mężczyzna,23.0,Podstawowe,8290.47,13:19,21:58,Inne
Kobieta,30.0,Podstawowe,5796.94,07:01,17:56,Edukacja
Mężczyzna,58.0,Podstawowe,7799.61,06:34,08:54,Edukacja
Mężczyzna,58.0,Wyższe,10453.9,15:59,01:07,Zakupy
Mężczyzna,64.0,Średnie,8797.98,07:53,07:59,Edukacja
Mężczyzna,63.0,Podstawowe,13225.51,13:16,14:42,Edukacja
Mężczyzna,42.0,Wyższe,4169.23,19:30,01:41,Inne
Mężczyzna,18.0,Podstawowe,12173.14,05:54,15:42,Inne
Mężczyzna,40.0,Średnie,4301.22,08:01,19:37,Inne
Kobieta,20.0,Podstawowe,10894.32,11:47,13:10,Zakupy
Kobieta,70.0,Średnie,8966.83,13:42,18:31,Praca
Kobieta,50.0,Podstawowe,5309.71,08:23,11:50,Rozrywka
Kobieta,55.0,Średnie,7910.83,23:10,01:48,Edukacja
Mężczyzna,59.0,Średnie,3508.86,13:04,22:30,Rozrywka
Kobieta,57.0,Wyższe,11794.56,06:40,10:46,Rozrywka
Mężczyzna,37.0,Wyższe,8800.61,06:59,,Edukacja
Kobieta,57.0,Podstawowe,10818.31,17:38,21:40,Edukacja
Mężczyzna,28.0,Średnie,9214.37,21:20,05:17,Zakupy
Mężczyzna,62.0,Średnie,9760.53,05:01,06:32,Praca
Mężczyzna,54.0,Wyższe,14494.31,07:21,15:45,Inne
Kobieta,33.0,Wyższe,4491.63,21:07,08:13,Inne
Kobieta,55.0,Podstawowe,13692.11,21:48,06:06,Inne
Kobieta,52.0,Średnie,7689.11,20:30,04:28,Inne
Mężczyzna,34.0,Wyższe,8115.27,13:41,18:28,Inne
Kobieta,42.0,Podstawowe,11264.59,20:44,20:39,Zakupy
Mężczyzna,66.0,Średnie,5971.33,22:20,05:09,Inne
Kobieta,21.0,Podstawowe,6950.22,09:11,18:33,Inne
Mężczyzna,46.0,Wyższe,13744.91,06:45,07:44,Inne
Mężczyzna,19.0,Wyższe,4577.46,23:51,07:22,Praca
Kobieta,66.0,Podstawowe,5265.21,22:13,22:20,Rozrywka
Kobieta,48.0,Wyższe,13038.3,22:57,01:36,Praca
Kobieta,57.0,Podstawowe,12553.23,19:41,19:06,Edukacja
Mężczyzna,46.0,Podstawowe,8762.03,19:31,05:47,Rozrywka
Mężczyzna,23.0,Średnie,8209.93,10:32,10:08,Edukacja
Kobieta,39.0,Podstawowe,13477.13,06:30,15:56,Inne
Mężczyzna,21.0,Wyższe,4754.43,22:01,03:34,Praca
Kobieta,64.0,Podstawowe,9085.16,13:52,22:58,Rozrywka
Mężczyzna,64.0,Podstawowe,4867.66,10:23,19:58,Praca
Kobieta,24.0,Średnie,8562.26,07:31,12:29,Praca
Mężczyzna,29.0,Wyższe,13307.4,08:13,12:31,Zakupy
Mężczyzna,41.0,Wyższe,9233.65,21:06,00:12,Zakupy
Mężczyzna,45.0,Średnie,7407.96,10:16,16:29,Zakupy
Kobieta,43.0,Wyższe,10249.42,15:13,00:11,Rozrywka
Mężczyzna,33.0,Podstawowe,12143.88,07:45,08:04,Rozrywka
Mężczyzna,37.0,Średnie,13360.47,16:45,03:09,Inne
Kobieta,31.0,Podstawowe,12484.46,06:03,12:42,Praca
Mężczyzna,33.0,Podstawowe,5872.03,07:33,18:24,Inne
Kobieta,69.0,Podstawowe,12390.16,23:29,09:47,Edukacja
Kobieta,23.0,Wyższe,13429.73,08:45,15:07,Zakupy
Kobieta,18.0,Średnie,11235.94,22:57,01:45,Edukacja
Kobieta,46.0,Wyższe,7754.85,17:34,18:27,Inne
Mężczyzna,66.0,Średnie,13365.58,22:37,06:02,Rozrywka
Kobieta,20.0,Średnie,14794.28,15:03,00:25,Praca
Mężczyzna,18.0,Podstawowe,9661.89,13:11,18:21,Edukacja
Mężczyzna,62.0,Wyższe,9709.36,06:07,13:43,Edukacja
Kobieta,43.0,Średnie,10014.04,22:42,02:10,Zakupy
Kobieta,19.0,Podstawowe,4681.06,22:13,22:29,Edukacja
Mężczyzna,55.0,Podstawowe,11963.25,08:04,15:10,Rozrywka
Mężczyzna,69.0,Wyższe,6406.52,19:27,03:31,Praca
Mężczyzna,33.0,Średnie,7935.82,15:55,21:07,Praca
Kobieta,21.0,Podstawowe,4200.51,06:36,07:40,Edukacja
Mężczyzna,42.0,Podstawowe,13370.06,06:12,16:00,Inne
Mężczyzna,38.0,Średnie,8710.14,12:56,14:02,Rozrywka
Mężczyzna,68.0,Podstawowe,,18:37,02:12,Inne
Kobieta,64.0,Podstawowe,11071.41,15:34,15:29,Praca
Kobieta,25.0,Średnie,13142.57,20:42,22:34,Praca
Mężczyzna,68.0,Wyższe,4180.52,10:46,15:30,Edukacja
Mężczyzna,36.0,Wyższe,5248.11,11:20,14:42,Praca
Kobieta,43.0,Wyższe,13021.26,20:29,02:24,Rozrywka
Mężczyzna,29.0,Średnie,14311.25,20:56,20:27,Praca
Mężczyzna,39.0,Średnie,11947.82,21:43,02:59,Zakupy
Mężczyzna,55.0,Podstawowe,4438.68,18:15,04:10,Inne
Kobieta,49.0,Wyższe,9679.56,16:16,03:27,Edukacja
Kobieta,36.0,Podstawowe,13006.37,13:16,18:58,Inne
Kobieta,20.0,Średnie,14026.3,08:03,17:17,Praca
Kobieta,60.0,Wyższe,6520.46,22:41,07:25,Inne
Mężczyzna,,Średnie,11442.42,20:03,06:23,Inne
